"","continent","year","energy_type","discgdp","meanconsmp","logmeanconsmp"
"1","Africa",1965,"fossil","Low GDPpc",151.605666666667,5.02128285157741
"2","Africa",1965,"low_carbon","Low GDPpc",2.76133333333333,1.01571365486523
"3","Africa",1966,"fossil","Low GDPpc",155.876333333333,5.04906295782622
"4","Africa",1966,"low_carbon","Low GDPpc",2.69933333333333,0.99300482894186
"5","Africa",1967,"fossil","High GDPpc",371.078,5.91641228309716
"6","Africa",1967,"fossil","Low GDPpc",49.313,3.89818773797167
"7","Africa",1967,"low_carbon","High GDPpc",0.072,-2.63108915996608
"8","Africa",1967,"low_carbon","Low GDPpc",4.026,1.3927733272176
"9","Africa",1968,"fossil","High GDPpc",391.637,5.97033539036053
"10","Africa",1968,"fossil","Low GDPpc",51.77,3.94681083091381
"11","Africa",1968,"low_carbon","High GDPpc",0.067,-2.70306265959117
"12","Africa",1968,"low_carbon","Low GDPpc",5.637,1.72935200909944
"13","Africa",1969,"fossil","High GDPpc",403.253,5.99956415653127
"14","Africa",1969,"fossil","Low GDPpc",43.2555,3.76712439292283
"15","Africa",1969,"low_carbon","High GDPpc",0.058,-2.84731226843572
"16","Africa",1969,"low_carbon","Low GDPpc",7.4425,2.00720681390779
"17","Africa",1970,"fossil","High GDPpc",421.404,6.043591993494
"18","Africa",1970,"fossil","Low GDPpc",46.3256666666667,3.8356961631454
"19","Africa",1970,"low_carbon","High GDPpc",0.069,-2.67364877438488
"20","Africa",1970,"low_carbon","Low GDPpc",6.125,1.81237875643079
"21","Africa",1971,"fossil","High GDPpc",453.696,6.11742737023255
"22","Africa",1971,"fossil","Low GDPpc",48.5363333333333,3.88231265837093
"23","Africa",1971,"low_carbon","High GDPpc",0.311,-1.1679623668029
"24","Africa",1971,"low_carbon","Low GDPpc",6.386,1.85410809429259
"25","Africa",1972,"fossil","High GDPpc",466.564,6.14539520273169
"26","Africa",1972,"fossil","Low GDPpc",54.1273333333333,3.99133929547812
"27","Africa",1972,"low_carbon","High GDPpc",2.317,0.840273245450239
"28","Africa",1972,"low_carbon","Low GDPpc",6.71566666666667,1.90444310526566
"29","Africa",1973,"fossil","High GDPpc",501.693,6.21798837883158
"30","Africa",1973,"fossil","Low GDPpc",56.531,4.03478916025301
"31","Africa",1973,"low_carbon","High GDPpc",2.736,1.0064969997603
"32","Africa",1973,"low_carbon","Low GDPpc",6.57133333333333,1.88271675457514
"33","Africa",1974,"fossil","High GDPpc",286.5935,5.65806483544393
"34","Africa",1974,"fossil","Low GDPpc",65.7835,4.18636904700734
"35","Africa",1974,"low_carbon","High GDPpc",2.2625,0.816470396591944
"36","Africa",1974,"low_carbon","Low GDPpc",10.352,2.33717973775854
"37","Africa",1975,"fossil","High GDPpc",309.748,5.73575906366839
"38","Africa",1975,"fossil","Low GDPpc",71.6545,4.27185595760557
"39","Africa",1975,"low_carbon","High GDPpc",2.011,0.698632110790515
"40","Africa",1975,"low_carbon","Low GDPpc",10.845,2.38370414427884
"41","Africa",1976,"fossil","High GDPpc",326.5035,5.78844066841401
"42","Africa",1976,"fossil","Low GDPpc",83.742,4.42774064375456
"43","Africa",1976,"low_carbon","High GDPpc",3.146,1.14613180463609
"44","Africa",1976,"low_carbon","Low GDPpc",12.502,2.52588863150962
"45","Africa",1977,"fossil","High GDPpc",337.7145,5.82220086398824
"46","Africa",1977,"fossil","Low GDPpc",90.718,4.50775579388105
"47","Africa",1977,"low_carbon","High GDPpc",3.0735,1.12281697736493
"48","Africa",1977,"low_carbon","Low GDPpc",14.4485,2.67059060294183
"49","Africa",1978,"fossil","High GDPpc",346.4955,5.84786983153264
"50","Africa",1978,"fossil","Low GDPpc",95.57,4.55985896327809
"51","Africa",1978,"low_carbon","High GDPpc",2.9955,1.09711116254184
"52","Africa",1978,"low_carbon","Low GDPpc",15.7585,2.75737990223508
"53","Africa",1979,"fossil","High GDPpc",374.698,5.92612036818198
"54","Africa",1979,"fossil","Low GDPpc",106.7985,4.67094388148364
"55","Africa",1979,"low_carbon","High GDPpc",1.993,0.689641041230658
"56","Africa",1979,"low_carbon","Low GDPpc",15.541,2.74348169293348
"57","Africa",1980,"fossil","High GDPpc",409.657,6.01532022419967
"58","Africa",1980,"fossil","Low GDPpc",119.665,4.78469617214658
"59","Africa",1980,"low_carbon","High GDPpc",1.735,0.551007413398822
"60","Africa",1980,"low_carbon","Low GDPpc",15.718,2.75480655244398
"61","Africa",1981,"fossil","High GDPpc",480.5715,6.17497602067009
"62","Africa",1981,"fossil","Low GDPpc",133.4085,4.89341584959254
"63","Africa",1981,"low_carbon","High GDPpc",2.8045,1.03122526996625
"64","Africa",1981,"low_carbon","Low GDPpc",15.607,2.74771953156042
"65","Africa",1982,"fossil","High GDPpc",526.204,6.26568897024967
"66","Africa",1982,"fossil","Low GDPpc",148.5165,5.00069606318148
"67","Africa",1982,"low_carbon","High GDPpc",2.0765,0.730683784088671
"68","Africa",1982,"low_carbon","Low GDPpc",15.3665,2.73218981528869
"69","Africa",1983,"fossil","High GDPpc",543.983,6.29891799636765
"70","Africa",1983,"fossil","Low GDPpc",161.7725,5.08619102726188
"71","Africa",1983,"low_carbon","High GDPpc",1.153,0.142367241286922
"72","Africa",1983,"low_carbon","Low GDPpc",14.3005,2.66029450168956
"73","Africa",1984,"fossil","High GDPpc",570.7945,6.3470292499571
"74","Africa",1984,"fossil","Low GDPpc",175.3795,5.16695219739493
"75","Africa",1984,"low_carbon","High GDPpc",6.857,1.92527002830223
"76","Africa",1984,"low_carbon","Low GDPpc",13.8835,2.63070108467461
"77","Africa",1985,"fossil","High GDPpc",579.0085,6.36131715794883
"78","Africa",1985,"fossil","Low GDPpc",182.8325,5.20857043315165
"79","Africa",1985,"low_carbon","High GDPpc",9.1455,2.21326195503384
"80","Africa",1985,"low_carbon","Low GDPpc",13.3805,2.59379842320964
"81","Africa",1986,"fossil","High GDPpc",589.338,6.37899987305016
"82","Africa",1986,"fossil","Low GDPpc",187.897,5.23589394035263
"83","Africa",1986,"low_carbon","High GDPpc",14.8275,2.69648356473074
"84","Africa",1986,"low_carbon","Low GDPpc",13.354,2.59181596543568
"85","Africa",1987,"fossil","High GDPpc",603.932,6.40346160881544
"86","Africa",1987,"fossil","Low GDPpc",196.5995,5.28116866447484
"87","Africa",1987,"low_carbon","High GDPpc",11.504,2.44269480097869
"88","Africa",1987,"low_carbon","Low GDPpc",13.6035,2.6103271125736
"89","Africa",1988,"fossil","High GDPpc",654.0285,6.48315092848936
"90","Africa",1988,"fossil","Low GDPpc",203.9065,5.31766155544406
"91","Africa",1988,"low_carbon","High GDPpc",19.2195,2.9559253886356
"92","Africa",1988,"low_carbon","Low GDPpc",13.5625,2.60730863130068
"93","Africa",1989,"fossil","High GDPpc",626.2355,6.43972649843841
"94","Africa",1989,"fossil","Low GDPpc",216.5375,5.37776374260506
"95","Africa",1989,"low_carbon","High GDPpc",19.561,2.97353778804422
"96","Africa",1989,"low_carbon","Low GDPpc",14.7835,2.69351169398109
"97","Africa",1990,"fossil","High GDPpc",658.642,6.49018013954574
"98","Africa",1990,"fossil","Low GDPpc",223.0935,5.40759096609698
"99","Africa",1990,"low_carbon","High GDPpc",13.325,2.58964197005191
"100","Africa",1990,"low_carbon","Low GDPpc",15.518,2.74200064047176
"101","Africa",1991,"fossil","High GDPpc",650.8385,6.47826153155455
"102","Africa",1991,"fossil","Low GDPpc",226.214,5.42148145389764
"103","Africa",1991,"low_carbon","High GDPpc",15.857,2.76361104320743
"104","Africa",1991,"low_carbon","Low GDPpc",15.475,2.73922581857066
"105","Africa",1992,"fossil","High GDPpc",659.0495,6.49079864549041
"106","Africa",1992,"fossil","Low GDPpc",231.489,5.44453235619865
"107","Africa",1992,"low_carbon","High GDPpc",14.221,2.65471974539056
"108","Africa",1992,"low_carbon","Low GDPpc",14.95,2.7047112998367
"109","Africa",1993,"fossil","High GDPpc",1004.241,6.91198731128736
"110","Africa",1993,"fossil","Low GDPpc",255.29,5.5424001538759
"111","Africa",1993,"low_carbon","High GDPpc",20.558,3.02325015959073
"112","Africa",1993,"low_carbon","Low GDPpc",10.0823333333333,2.310784717337
"113","Africa",1994,"fossil","High GDPpc",1038.619,6.9456472251
"114","Africa",1994,"fossil","Low GDPpc",261.631333333333,5.56693638814954
"115","Africa",1994,"low_carbon","High GDPpc",29.919,3.39849373008784
"116","Africa",1994,"low_carbon","Low GDPpc",10.8646666666667,2.38551593368569
"117","Africa",1995,"fossil","High GDPpc",1083.886,6.98830801041759
"118","Africa",1995,"fossil","Low GDPpc",272.644333333333,5.6081681374896
"119","Africa",1995,"low_carbon","High GDPpc",32.861,3.49228654428241
"120","Africa",1995,"low_carbon","Low GDPpc",11.1073333333333,2.40760555083877
"121","Africa",1996,"fossil","High GDPpc",1102.26,7.0051178965489
"122","Africa",1996,"fossil","Low GDPpc",279.389333333333,5.63260626904805
"123","Africa",1996,"low_carbon","High GDPpc",36.539,3.59838018330662
"124","Africa",1996,"low_carbon","Low GDPpc",12.5703333333333,2.5313395404155
"125","Africa",1997,"fossil","High GDPpc",1123.005,7.02376340708828
"126","Africa",1997,"fossil","Low GDPpc",282.842,5.64488843784666
"127","Africa",1997,"low_carbon","High GDPpc",41.347,3.72199986744715
"128","Africa",1997,"low_carbon","Low GDPpc",12.897,2.55699472618225
"129","Africa",1998,"fossil","High GDPpc",1100.979,7.0039550629713
"130","Africa",1998,"fossil","Low GDPpc",293.728333333333,5.6826553038728
"131","Africa",1998,"low_carbon","High GDPpc",42.853,3.7577756542617
"132","Africa",1998,"low_carbon","Low GDPpc",13.0523333333333,2.56896691727512
"133","Africa",1999,"fossil","High GDPpc",1144.545,7.04276245709936
"134","Africa",1999,"fossil","Low GDPpc",307.633666666667,5.72890968114385
"135","Africa",1999,"low_carbon","High GDPpc",38.222,3.64341126606679
"136","Africa",1999,"low_carbon","Low GDPpc",13.408,2.59585154373973
"137","Africa",2000,"fossil","High GDPpc",721.7235,6.58164210155447
"138","Africa",2000,"fossil","Low GDPpc",320.4905,5.76985263473577
"139","Africa",2000,"low_carbon","High GDPpc",20.3495,3.01305634156219
"140","Africa",2000,"low_carbon","Low GDPpc",20.89,3.03927057556847
"141","Africa",2001,"fossil","High GDPpc",732.746,6.59679912068835
"142","Africa",2001,"fossil","Low GDPpc",339.561,5.82765360685306
"143","Africa",2001,"low_carbon","High GDPpc",17.8595,2.88253557953575
"144","Africa",2001,"low_carbon","Low GDPpc",21.611,3.07320244432089
"145","Africa",2002,"fossil","High GDPpc",720.6225,6.58011542180655
"146","Africa",2002,"fossil","Low GDPpc",346.403,5.84760283715886
"147","Africa",2002,"low_carbon","High GDPpc",20.0225,2.9968566412157
"148","Africa",2002,"low_carbon","Low GDPpc",20.899,3.03970131093611
"149","Africa",2003,"fossil","High GDPpc",777.285,6.65580707848147
"150","Africa",2003,"fossil","Low GDPpc",365.417,5.90103916721855
"151","Africa",2003,"low_carbon","High GDPpc",19.321,2.96119258727925
"152","Africa",2003,"low_carbon","Low GDPpc",20.2565,3.00847572970135
"153","Africa",2004,"fossil","High GDPpc",840.099,6.73351974203561
"154","Africa",2004,"fossil","Low GDPpc",389.2315,5.96417428228857
"155","Africa",2004,"low_carbon","High GDPpc",20.269,3.00909262525583
"156","Africa",2004,"low_carbon","Low GDPpc",20.474,3.01915578849758
"157","Africa",2005,"fossil","High GDPpc",814.1495,6.7021440100726
"158","Africa",2005,"fossil","Low GDPpc",413.351,6.02429711095305
"159","Africa",2005,"low_carbon","High GDPpc",18.3375,2.9089481434691
"160","Africa",2005,"low_carbon","Low GDPpc",19.268,2.95844568876797
"161","Africa",2006,"fossil","High GDPpc",833.8695,6.72607691529514
"162","Africa",2006,"fossil","Low GDPpc",432.2485,6.06900065434338
"163","Africa",2006,"low_carbon","High GDPpc",18.146,2.89845015074744
"164","Africa",2006,"low_carbon","Low GDPpc",19.454,2.96805270444725
"165","Africa",2007,"fossil","High GDPpc",860.2125,6.75717945174836
"166","Africa",2007,"fossil","Low GDPpc",451.347,6.11223644499559
"167","Africa",2007,"low_carbon","High GDPpc",19.7505,2.98317880748237
"168","Africa",2007,"low_carbon","Low GDPpc",21.3325,3.0602317314286
"169","Africa",2008,"fossil","High GDPpc",877.980666666667,6.77762457365084
"170","Africa",2008,"fossil","Low GDPpc",176.278,5.17206229432286
"171","Africa",2008,"low_carbon","High GDPpc",27.3413333333333,3.30839959869968
"172","Africa",2008,"low_carbon","Low GDPpc",3.205,1.16471209037263
"173","Africa",2009,"fossil","High GDPpc",897.251,6.79933564454367
"174","Africa",2009,"fossil","Low GDPpc",167.05,5.11829316880277
"175","Africa",2009,"low_carbon","High GDPpc",26.159,3.26419329955866
"176","Africa",2009,"low_carbon","Low GDPpc",7.764,2.04949766530676
"177","Africa",2010,"fossil","High GDPpc",913.611,6.81740487910947
"178","Africa",2010,"fossil","Low GDPpc",183.009,5.20953533195998
"179","Africa",2010,"low_carbon","High GDPpc",25.812,3.25083950007359
"180","Africa",2010,"low_carbon","Low GDPpc",10.76,2.37583555473364
"181","Africa",2011,"fossil","High GDPpc",919.007333333333,6.82329410201192
"182","Africa",2011,"fossil","Low GDPpc",196.694,5.28164922162525
"183","Africa",2011,"low_carbon","High GDPpc",27.315,3.30743600184768
"184","Africa",2011,"low_carbon","Low GDPpc",6.991,1.94462360752985
"185","Africa",2012,"fossil","High GDPpc",943.559,6.84965889597485
"186","Africa",2012,"fossil","Low GDPpc",201.169,5.30414535080801
"187","Africa",2012,"low_carbon","High GDPpc",25.599,3.24255328822256
"188","Africa",2012,"low_carbon","Low GDPpc",6.076,1.80434658473353
"189","Africa",2013,"fossil","High GDPpc",764.493,6.63921286901588
"190","Africa",2013,"fossil","Low GDPpc",NA,NA
"191","Africa",2013,"low_carbon","High GDPpc",22.35975,3.10726246754461
"192","Africa",2013,"low_carbon","Low GDPpc",NA,NA
"193","Africa",2014,"fossil","High GDPpc",971.480666666667,6.87882136812197
"194","Africa",2014,"fossil","Low GDPpc",206.634,5.33094911236139
"195","Africa",2014,"low_carbon","High GDPpc",28.1793333333333,3.33858884875043
"196","Africa",2014,"low_carbon","Low GDPpc",9.063,2.20420019107264
"197","Africa",2015,"fossil","High GDPpc",781.2315,6.66087152077024
"198","Africa",2015,"fossil","Low GDPpc",NA,NA
"199","Africa",2015,"low_carbon","High GDPpc",24.99925,3.21884582441819
"200","Africa",2015,"low_carbon","Low GDPpc",NA,NA
"201","Africa",2016,"fossil","High GDPpc",808.4195,6.69508110696046
"202","Africa",2016,"fossil","Low GDPpc",NA,NA
"203","Africa",2016,"low_carbon","High GDPpc",28.70625,3.35711486909197
"204","Africa",2016,"low_carbon","Low GDPpc",NA,NA
"205","Americas",1965,"fossil","High GDPpc",3836.8665,8.25241129683479
"206","Americas",1965,"fossil","Low GDPpc",121.339714285714,4.79859416785269
"207","Americas",1965,"low_carbon","High GDPpc",233.05325,5.45126696822677
"208","Americas",1965,"low_carbon","Low GDPpc",18.3011428571429,2.90696350910737
"209","Americas",1966,"fossil","High GDPpc",4055.12925,8.30773784027089
"210","Americas",1966,"fossil","Low GDPpc",129.412285714286,4.86300332125611
"211","Americas",1966,"low_carbon","High GDPpc",244.599,5.49962013493727
"212","Americas",1966,"low_carbon","Low GDPpc",20.094,3.00042126304012
"213","Americas",1967,"fossil","High GDPpc",4186.25375,8.3395615198978
"214","Americas",1967,"fossil","Low GDPpc",133.305428571429,4.89264295082228
"215","Americas",1967,"low_carbon","High GDPpc",267.15325,5.5878224637799
"216","Americas",1967,"low_carbon","Low GDPpc",21.4158571428571,3.06413163561573
"217","Americas",1968,"fossil","High GDPpc",4448.81375,8.40039276658967
"218","Americas",1968,"fossil","Low GDPpc",145.347,4.979123986957
"219","Americas",1968,"low_carbon","High GDPpc",274.65625,5.61552031576492
"220","Americas",1968,"low_carbon","Low GDPpc",23.065,3.13831631700978
"221","Americas",1969,"fossil","High GDPpc",4671.6115,8.44925936608474
"222","Americas",1969,"fossil","Low GDPpc",154.482571428571,5.04008128368713
"223","Americas",1969,"low_carbon","High GDPpc",305.15825,5.72083049450903
"224","Americas",1969,"low_carbon","Low GDPpc",24.9265714285714,3.21593436014227
"225","Americas",1970,"fossil","High GDPpc",3913.5342,8.27219613218716
"226","Americas",1970,"fossil","Low GDPpc",157.459833333333,5.05917039928589
"227","Americas",1970,"low_carbon","High GDPpc",254.2008,5.53812450587865
"228","Americas",1970,"low_carbon","Low GDPpc",32.2321666666667,3.47296491872039
"229","Americas",1971,"fossil","High GDPpc",4923.73875,8.50182342943864
"230","Americas",1971,"fossil","Low GDPpc",173.525428571429,5.15632415101904
"231","Americas",1971,"low_carbon","High GDPpc",345.351,5.84456129114394
"232","Americas",1971,"low_carbon","Low GDPpc",31.7642857142857,3.45834256790139
"233","Americas",1972,"fossil","High GDPpc",4183.6156,8.33893112771913
"234","Americas",1972,"fossil","Low GDPpc",183.528,5.21236724441003
"235","Americas",1972,"low_carbon","High GDPpc",306.0004,5.72358640914107
"236","Americas",1972,"low_carbon","Low GDPpc",39.323,3.67180958941834
"237","Americas",1973,"fossil","High GDPpc",3704.48516666667,8.21729957170959
"238","Americas",1973,"fossil","Low GDPpc",153.9444,5.03659149826233
"239","Americas",1973,"low_carbon","High GDPpc",287.8765,5.66253156872215
"240","Americas",1973,"low_carbon","Low GDPpc",43.0354,3.76202303281832
"241","Americas",1974,"fossil","High GDPpc",3603.75866666667,8.18973265385202
"242","Americas",1974,"fossil","Low GDPpc",166.751,5.11650168177925
"243","Americas",1974,"low_carbon","High GDPpc",325.946166666667,5.78673223480643
"244","Americas",1974,"low_carbon","Low GDPpc",48.6936,3.88554760461481
"245","Americas",1975,"fossil","High GDPpc",3496.71866666667,8.15958028391766
"246","Americas",1975,"fossil","Low GDPpc",169.6986,5.13402392235347
"247","Americas",1975,"low_carbon","High GDPpc",349.546666666667,5.85663707684234
"248","Americas",1975,"low_carbon","Low GDPpc",53.264,3.97526068083267
"249","Americas",1976,"fossil","High GDPpc",3700.1705,8.2161341786517
"250","Americas",1976,"fossil","Low GDPpc",181.0936,5.19901402467352
"251","Americas",1976,"low_carbon","High GDPpc",361.309166666667,5.88973400917597
"252","Americas",1976,"low_carbon","Low GDPpc",59.7338,4.0898980243422
"253","Americas",1977,"fossil","High GDPpc",3819.457,8.24786354489998
"254","Americas",1977,"fossil","Low GDPpc",187.9822,5.23634727749637
"255","Americas",1977,"low_carbon","High GDPpc",370.586833333333,5.91508778524747
"256","Americas",1977,"low_carbon","Low GDPpc",66.1748,4.19229972581921
"257","Americas",1978,"fossil","High GDPpc",3807.35183333333,8.24468916958884
"258","Americas",1978,"fossil","Low GDPpc",202.1528,5.30902384709152
"259","Americas",1978,"low_carbon","High GDPpc",420.983833333333,6.04259443231165
"260","Americas",1978,"low_carbon","Low GDPpc",72.7196,4.28661094930404
"261","Americas",1979,"fossil","High GDPpc",3885.21633333333,8.26493394550712
"262","Americas",1979,"fossil","Low GDPpc",212.4814,5.35885445512178
"263","Americas",1979,"low_carbon","High GDPpc",420.252666666667,6.0408561176979
"264","Americas",1979,"low_carbon","Low GDPpc",81.6378,4.40229239000383
"265","Americas",1980,"fossil","High GDPpc",3781.51283333333,8.23787942900534
"266","Americas",1980,"fossil","Low GDPpc",212.5894,5.35936260577492
"267","Americas",1980,"low_carbon","High GDPpc",422.907,6.0471522967179
"268","Americas",1980,"low_carbon","Low GDPpc",89.6276,4.49566330826191
"269","Americas",1981,"fossil","High GDPpc",3675.8395,8.2095368209337
"270","Americas",1981,"fossil","Low GDPpc",209.082,5.34272651951544
"271","Americas",1981,"low_carbon","High GDPpc",438.498833333333,6.08335715122337
"272","Americas",1981,"low_carbon","Low GDPpc",91.2372,4.51346270865068
"273","Americas",1982,"fossil","High GDPpc",3509.98133333333,8.16336599830712
"274","Americas",1982,"fossil","Low GDPpc",211.6914,5.35512955379181
"275","Americas",1982,"low_carbon","High GDPpc",461.793,6.13511673872842
"276","Americas",1982,"low_carbon","Low GDPpc",98.4852,4.5899062830817
"277","Americas",1983,"fossil","High GDPpc",3466.531,8.15090966108019
"278","Americas",1983,"fossil","Low GDPpc",207.142,5.33340454841971
"279","Americas",1983,"low_carbon","High GDPpc",489.072166666667,6.19251005868143
"280","Americas",1983,"low_carbon","Low GDPpc",105.4742,4.65846637324592
"281","Americas",1984,"fossil","High GDPpc",3644.14333333333,8.20087659167142
"282","Americas",1984,"fossil","Low GDPpc",214.6458,5.36898922774259
"283","Americas",1984,"low_carbon","High GDPpc",517.890833333333,6.24976447358858
"284","Americas",1984,"low_carbon","Low GDPpc",117.0762,4.76282500485692
"285","Americas",1985,"fossil","High GDPpc",3634.31566666667,8.19817610997904
"286","Americas",1985,"fossil","Low GDPpc",222.9742,5.40705606969966
"287","Americas",1985,"low_carbon","High GDPpc",542.8565,6.29684501244794
"288","Americas",1985,"low_carbon","Low GDPpc",126.459,4.83991814496042
"289","Americas",1986,"fossil","High GDPpc",3637.50033333333,8.19905200311777
"290","Americas",1986,"fossil","Low GDPpc",238.149,5.47289652820383
"291","Americas",1986,"low_carbon","High GDPpc",570.369166666667,6.34628381200555
"292","Americas",1986,"low_carbon","Low GDPpc",129.8288,4.8662166594734
"293","Americas",1987,"fossil","High GDPpc",3765.66333333333,8.23367930886767
"294","Americas",1987,"fossil","Low GDPpc",248.5584,5.51567782798651
"295","Americas",1987,"low_carbon","High GDPpc",581.525,6.36565396329597
"296","Americas",1987,"low_carbon","Low GDPpc",134.6288,4.90252136163344
"297","Americas",1988,"fossil","High GDPpc",3931.91333333333,8.27688143965419
"298","Americas",1988,"fossil","Low GDPpc",255.2968,5.54242678989548
"299","Americas",1988,"low_carbon","High GDPpc",601.822833333333,6.39996310520654
"300","Americas",1988,"low_carbon","Low GDPpc",142.2806,4.95780116410819
"301","Americas",1989,"fossil","High GDPpc",3954.7705,8.28267785070518
"302","Americas",1989,"fossil","Low GDPpc",329.9632,5.79898113309073
"303","Americas",1989,"low_carbon","High GDPpc",609.1855,6.41212281903058
"304","Americas",1989,"low_carbon","Low GDPpc",159.5842,5.0725716826214
"305","Americas",1990,"fossil","High GDPpc",3434.27214285714,8.14156028783893
"306","Americas",1990,"fossil","Low GDPpc",285.30175,5.65354739209479
"307","Americas",1990,"low_carbon","High GDPpc",572.753142857143,6.35045480862914
"308","Americas",1990,"low_carbon","Low GDPpc",194.9165,5.27257126172955
"309","Americas",1991,"fossil","High GDPpc",3413.21614285714,8.13541027618867
"310","Americas",1991,"fossil","Low GDPpc",294.96525,5.68685755279108
"311","Americas",1991,"low_carbon","High GDPpc",601.043428571429,6.39866719244273
"312","Americas",1991,"low_carbon","Low GDPpc",203.803,5.31715384099432
"313","Americas",1992,"fossil","High GDPpc",3493.25742857143,8.15858994050848
"314","Americas",1992,"fossil","Low GDPpc",315.95275,5.75559267709043
"315","Americas",1992,"low_carbon","High GDPpc",598.754857142857,6.39485226083061
"316","Americas",1992,"low_carbon","Low GDPpc",203.0935,5.31366646413526
"317","Americas",1993,"fossil","High GDPpc",3555.98685714286,8.17638790066039
"318","Americas",1993,"fossil","Low GDPpc",329.885,5.79874410887709
"319","Americas",1993,"low_carbon","High GDPpc",618.351428571429,6.42705695048123
"320","Americas",1993,"low_carbon","Low GDPpc",217.036,5.38006323839832
"321","Americas",1994,"fossil","High GDPpc",4157.97633333333,8.33278377656274
"322","Americas",1994,"fossil","Low GDPpc",391.413,5.96976326851362
"323","Americas",1994,"low_carbon","High GDPpc",713.610166666667,6.57033682817478
"324","Americas",1994,"low_carbon","Low GDPpc",210.656,5.35022647128547
"325","Americas",1995,"fossil","High GDPpc",3322.251,8.1083978442124
"326","Americas",1995,"fossil","Low GDPpc",249.995666666667,5.52144358437869
"327","Americas",1995,"low_carbon","High GDPpc",680.1765,6.52235232331412
"328","Americas",1995,"low_carbon","Low GDPpc",64.528,4.16709923813101
"329","Americas",1996,"fossil","High GDPpc",3439.615625,8.14311500720581
"330","Americas",1996,"fossil","Low GDPpc",245.794666666667,5.5044964990392
"331","Americas",1996,"low_carbon","High GDPpc",704.04675,6.55684476020325
"332","Americas",1996,"low_carbon","Low GDPpc",68.196,4.22238591210298
"333","Americas",1997,"fossil","High GDPpc",3501.2175,8.16086604413209
"334","Americas",1997,"fossil","Low GDPpc",260.314333333333,5.56188987515349
"335","Americas",1997,"low_carbon","High GDPpc",691.743875,6.53921576427294
"336","Americas",1997,"low_carbon","Low GDPpc",71.455,4.26906788093376
"337","Americas",1998,"fossil","High GDPpc",4010.08485714286,8.29656768145897
"338","Americas",1998,"fossil","Low GDPpc",269.66025,5.59716283329888
"339","Americas",1998,"low_carbon","High GDPpc",774.335,6.65200459648914
"340","Americas",1998,"low_carbon","Low GDPpc",76.16525,4.33290532193081
"341","Americas",1999,"fossil","High GDPpc",4069.36728571429,8.31124280829633
"342","Americas",1999,"fossil","Low GDPpc",249.78525,5.52060154871033
"343","Americas",1999,"low_carbon","High GDPpc",803.998285714286,6.68959713698053
"344","Americas",1999,"low_carbon","Low GDPpc",80.982,4.3942269077552
"345","Americas",2000,"fossil","High GDPpc",3735.059125,8.22551892742824
"346","Americas",2000,"fossil","Low GDPpc",134.329333333333,4.9002944961603
"347","Americas",2000,"low_carbon","High GDPpc",731.263875,6.59477437272503
"348","Americas",2000,"low_carbon","Low GDPpc",51.1663333333333,3.93508176367994
"349","Americas",2001,"fossil","High GDPpc",4112.516,8.32179028564357
"350","Americas",2001,"fossil","Low GDPpc",261.21375,5.56533903767066
"351","Americas",2001,"low_carbon","High GDPpc",771.678,6.64856736456943
"352","Americas",2001,"low_carbon","Low GDPpc",81.0135,4.39461580745176
"353","Americas",2002,"fossil","High GDPpc",4156.91585714286,8.33252869780238
"354","Americas",2002,"fossil","Low GDPpc",259.86675,5.56016899964251
"355","Americas",2002,"low_carbon","High GDPpc",809.196,6.69604116212764
"356","Americas",2002,"low_carbon","Low GDPpc",82.08625,4.40777052374773
"357","Americas",2003,"fossil","High GDPpc",4191.63528571429,8.34084621976229
"358","Americas",2003,"fossil","Low GDPpc",239.82625,5.47991470282428
"359","Americas",2003,"low_carbon","High GDPpc",804.998285714286,6.69084014786882
"360","Americas",2003,"low_carbon","Low GDPpc",83.8565,4.42910700464459
"361","Americas",2004,"fossil","High GDPpc",3832.64325,8.25130998773824
"362","Americas",2004,"fossil","Low GDPpc",137.428333333333,4.92310256910716
"363","Americas",2004,"low_carbon","High GDPpc",745.24625,6.61371470067702
"364","Americas",2004,"low_carbon","Low GDPpc",57.7056666666667,4.05535537781953
"365","Americas",2005,"fossil","High GDPpc",3451.20155555556,8.14647772636368
"366","Americas",2005,"fossil","Low GDPpc",106.5665,4.66876920343024
"367","Americas",2005,"low_carbon","High GDPpc",691.109777777778,6.53829867913469
"368","Americas",2005,"low_carbon","Low GDPpc",34.0425,3.52760974401659
"369","Americas",2006,"fossil","High GDPpc",3107.4988,8.04157343722228
"370","Americas",2006,"fossil","Low GDPpc",108.854,4.69000753482347
"371","Americas",2006,"low_carbon","High GDPpc",641.6822,6.46409316555298
"372","Americas",2006,"low_carbon","Low GDPpc",53.308,3.97608641371748
"373","Americas",2007,"fossil","High GDPpc",2895.85481818182,7.97103562040567
"374","Americas",2007,"fossil","Low GDPpc",NA,NA
"375","Americas",2007,"low_carbon","High GDPpc",594.822636363636,6.38826327096278
"376","Americas",2007,"low_carbon","Low GDPpc",NA,NA
"377","Americas",2008,"fossil","High GDPpc",2836.16409090909,7.95020774596024
"378","Americas",2008,"fossil","Low GDPpc",NA,NA
"379","Americas",2008,"low_carbon","High GDPpc",615.394,6.42226271308416
"380","Americas",2008,"low_carbon","Low GDPpc",NA,NA
"381","Americas",2009,"fossil","High GDPpc",2683.88,7.89501878770311
"382","Americas",2009,"fossil","Low GDPpc",NA,NA
"383","Americas",2009,"low_carbon","High GDPpc",623.457,6.43527979722462
"384","Americas",2009,"low_carbon","Low GDPpc",NA,NA
"385","Americas",2010,"fossil","High GDPpc",2798.20745454545,7.9367342963459
"386","Americas",2010,"fossil","Low GDPpc",NA,NA
"387","Americas",2010,"low_carbon","High GDPpc",630.210181818182,6.44605338567978
"388","Americas",2010,"low_carbon","Low GDPpc",NA,NA
"389","Americas",2011,"fossil","High GDPpc",2793.17472727273,7.93493412298333
"390","Americas",2011,"fossil","Low GDPpc",NA,NA
"391","Americas",2011,"low_carbon","High GDPpc",662.556727272727,6.49610618026672
"392","Americas",2011,"low_carbon","Low GDPpc",NA,NA
"393","Americas",2012,"fossil","High GDPpc",2759.43490909091,7.92278119466547
"394","Americas",2012,"fossil","Low GDPpc",NA,NA
"395","Americas",2012,"low_carbon","High GDPpc",648.629181818182,6.47486118487187
"396","Americas",2012,"low_carbon","Low GDPpc",NA,NA
"397","Americas",2013,"fossil","High GDPpc",2831.88009090909,7.94869611313653
"398","Americas",2013,"fossil","Low GDPpc",NA,NA
"399","Americas",2013,"low_carbon","High GDPpc",663.085727272727,6.49690428389755
"400","Americas",2013,"low_carbon","Low GDPpc",NA,NA
"401","Americas",2014,"fossil","High GDPpc",2859.72,7.95847899692327
"402","Americas",2014,"fossil","Low GDPpc",NA,NA
"403","Americas",2014,"low_carbon","High GDPpc",668.338,6.50479403359182
"404","Americas",2014,"low_carbon","Low GDPpc",NA,NA
"405","Americas",2015,"fossil","High GDPpc",2827.56936363636,7.94717273947943
"406","Americas",2015,"fossil","Low GDPpc",NA,NA
"407","Americas",2015,"low_carbon","High GDPpc",673.061363636364,6.51183650473981
"408","Americas",2015,"low_carbon","Low GDPpc",NA,NA
"409","Americas",2016,"fossil","High GDPpc",2789.82490909091,7.93373411624789
"410","Americas",2016,"fossil","Low GDPpc",NA,NA
"411","Americas",2016,"low_carbon","High GDPpc",696.084090909091,6.54547047330792
"412","Americas",2016,"low_carbon","Low GDPpc",NA,NA
"413","Asia",1965,"fossil","High GDPpc",476.61725,6.16671375788293
"414","Asia",1965,"fossil","Low GDPpc",160.038823529412,5.07541643285861
"415","Asia",1965,"low_carbon","High GDPpc",52.84375,3.96733944609885
"416","Asia",1965,"low_carbon","Low GDPpc",9.20488235294118,2.21973403382566
"417","Asia",1966,"fossil","High GDPpc",523.27,6.26009758324256
"418","Asia",1966,"fossil","Low GDPpc",173.827647058824,5.15806427416669
"419","Asia",1966,"low_carbon","High GDPpc",55.50975,4.0165586809989
"420","Asia",1966,"low_carbon","Low GDPpc",9.67035294117647,2.26906480736962
"421","Asia",1967,"fossil","High GDPpc",486.5182,6.18727431099826
"422","Asia",1967,"fossil","Low GDPpc",180.3655625,5.19498569417289
"423","Asia",1967,"low_carbon","High GDPpc",38.4328,3.6489112616676
"424","Asia",1967,"low_carbon","Low GDPpc",10.3991875,2.34172767809541
"425","Asia",1968,"fossil","High GDPpc",452.557333333333,6.11491445861285
"426","Asia",1968,"fossil","Low GDPpc",200.564733333333,5.30113705415658
"427","Asia",1968,"low_carbon","High GDPpc",34.5473333333333,3.54233036440811
"428","Asia",1968,"low_carbon","Low GDPpc",13.0204,2.56651735827472
"429","Asia",1969,"fossil","High GDPpc",441.639,6.09049280628072
"430","Asia",1969,"fossil","Low GDPpc",248.697357142857,5.51623672406555
"431","Asia",1969,"low_carbon","High GDPpc",30.3862857142857,3.41399137880386
"432","Asia",1969,"low_carbon","Low GDPpc",14.8408571428571,2.69738399502389
"433","Asia",1970,"fossil","High GDPpc",493.122,6.20075660793144
"434","Asia",1970,"fossil","Low GDPpc",291.686,5.67567788120699
"435","Asia",1970,"low_carbon","High GDPpc",31.9032857142857,3.46270900493445
"436","Asia",1970,"low_carbon","Low GDPpc",15.6901428571429,2.75303267168392
"437","Asia",1971,"fossil","High GDPpc",521.093285714286,6.25592907700062
"438","Asia",1971,"fossil","Low GDPpc",307.379266666667,5.72808238142145
"439","Asia",1971,"low_carbon","High GDPpc",36.7642857142857,3.60452687704345
"440","Asia",1971,"low_carbon","Low GDPpc",15.7386,2.75611629367125
"441","Asia",1972,"fossil","High GDPpc",505.49625,6.22554062003538
"442","Asia",1972,"fossil","Low GDPpc",339.794428571429,5.82834081290397
"443","Asia",1972,"low_carbon","High GDPpc",34.2115,3.53256184485668
"444","Asia",1972,"low_carbon","Low GDPpc",17.1911428571429,2.84439430102092
"445","Asia",1973,"fossil","High GDPpc",570.023125,6.34567693018109
"446","Asia",1973,"fossil","Low GDPpc",361.697071428571,5.89080704223899
"447","Asia",1973,"low_carbon","High GDPpc",27.775875,3.32416783817979
"448","Asia",1973,"low_carbon","Low GDPpc",18.601,2.92321534271481
"449","Asia",1974,"fossil","High GDPpc",465.0553,6.14215632324755
"450","Asia",1974,"fossil","Low GDPpc",370.608285714286,5.91514567116821
"451","Asia",1974,"low_carbon","High GDPpc",29.5424,3.38582651957142
"452","Asia",1974,"low_carbon","Low GDPpc",19.9475714285714,2.99310740302213
"453","Asia",1975,"fossil","High GDPpc",491.33,6.19711599979764
"454","Asia",1975,"fossil","Low GDPpc",383.2316,5.94863950616233
"455","Asia",1975,"low_carbon","High GDPpc",34.8148888888889,3.55004513691703
"456","Asia",1975,"low_carbon","Low GDPpc",21.2024,3.05411438281765
"457","Asia",1976,"fossil","High GDPpc",488.948,6.19225614435213
"458","Asia",1976,"fossil","Low GDPpc",418.257642857143,6.03609761311813
"459","Asia",1976,"low_carbon","High GDPpc",36.3522,3.59325472484411
"460","Asia",1976,"low_carbon","Low GDPpc",21.9947142857143,3.09080216475106
"461","Asia",1977,"fossil","High GDPpc",418.202769230769,6.03596640875828
"462","Asia",1977,"fossil","Low GDPpc",552.341,6.31416560916906
"463","Asia",1977,"low_carbon","High GDPpc",26.1973076923077,3.26565664565131
"464","Asia",1977,"low_carbon","Low GDPpc",28.1647272727273,3.33807038910176
"465","Asia",1978,"fossil","High GDPpc",445.659416666667,6.09955502053786
"466","Asia",1978,"fossil","Low GDPpc",574.0935,6.35279227504017
"467","Asia",1978,"low_carbon","High GDPpc",33.5049166666667,3.51169219423107
"468","Asia",1978,"low_carbon","Low GDPpc",30.7953333333333,3.42736316334843
"469","Asia",1979,"fossil","High GDPpc",475.955545454545,6.16532445796791
"470","Asia",1979,"fossil","Low GDPpc",586.228538461539,6.37370971092244
"471","Asia",1979,"low_carbon","High GDPpc",41.4555454545455,3.72462165923208
"472","Asia",1979,"low_carbon","Low GDPpc",31.4530769230769,3.44849681375283
"473","Asia",1980,"fossil","High GDPpc",456.210727272727,6.12295482398138
"474","Asia",1980,"fossil","Low GDPpc",596.576384615385,6.3912072880176
"475","Asia",1980,"low_carbon","High GDPpc",46.4115454545455,3.83754825273195
"476","Asia",1980,"low_carbon","Low GDPpc",34.3181538461538,3.53567448081142
"477","Asia",1981,"fossil","High GDPpc",441.86425,6.0910027082078
"478","Asia",1981,"fossil","Low GDPpc",631.465416666667,6.44804317650104
"479","Asia",1981,"low_carbon","High GDPpc",47.53425,3.86145050383862
"480","Asia",1981,"low_carbon","Low GDPpc",38.2500833333333,3.64414573891941
"481","Asia",1982,"fossil","High GDPpc",432.42525,6.06940947906476
"482","Asia",1982,"fossil","Low GDPpc",655.656416666667,6.48563689665519
"483","Asia",1982,"low_carbon","High GDPpc",52.442,3.95970779699356
"484","Asia",1982,"low_carbon","Low GDPpc",38.66975,3.65505764063839
"485","Asia",1983,"fossil","High GDPpc",421.557153846154,6.04395536456309
"486","Asia",1983,"fossil","Low GDPpc",750.656636363636,6.62094833864204
"487","Asia",1983,"low_carbon","High GDPpc",52.8170769230769,3.96683456499454
"488","Asia",1983,"low_carbon","Low GDPpc",46.758,3.84498536408948
"489","Asia",1984,"fossil","High GDPpc",461.233153846154,6.133903671861
"490","Asia",1984,"fossil","Low GDPpc",803.822909090909,6.68937898259292
"491","Asia",1984,"low_carbon","High GDPpc",56.5149230769231,4.03450472853274
"492","Asia",1984,"low_carbon","Low GDPpc",50.1555454545455,3.91512908565355
"493","Asia",1985,"fossil","High GDPpc",491.765928571429,6.1980028483489
"494","Asia",1985,"fossil","Low GDPpc",734.811642857143,6.59961419814895
"495","Asia",1985,"low_carbon","High GDPpc",61.3232142857143,4.11615847085739
"496","Asia",1985,"low_carbon","Low GDPpc",43.5947857142857,3.77493754949405
"497","Asia",1986,"fossil","High GDPpc",515.151066666667,6.24446019098326
"498","Asia",1986,"fossil","Low GDPpc",784.470692307692,6.66500921304018
"499","Asia",1986,"low_carbon","High GDPpc",63.4591333333333,4.15039612916506
"500","Asia",1986,"low_carbon","Low GDPpc",44.2282307692308,3.78936329038452
"501","Asia",1987,"fossil","High GDPpc",531.571466666667,6.27583765095663
"502","Asia",1987,"fossil","Low GDPpc",843.395,6.73743541290978
"503","Asia",1987,"low_carbon","High GDPpc",71.8539333333333,4.27463535470561
"504","Asia",1987,"low_carbon","Low GDPpc",45.5996923076923,3.81990096885925
"505","Asia",1988,"fossil","High GDPpc",572.408066666667,6.34985214029206
"506","Asia",1988,"fossil","Low GDPpc",904.351307692308,6.80721789960492
"507","Asia",1988,"low_carbon","High GDPpc",73.5174,4.29752211289543
"508","Asia",1988,"low_carbon","Low GDPpc",49.9344615384615,3.91071137638797
"509","Asia",1989,"fossil","High GDPpc",569.8425,6.34536000685688
"510","Asia",1989,"fossil","Low GDPpc",1021.36225,6.92889255445476
"511","Asia",1989,"low_carbon","High GDPpc",71.6085,4.27121378200432
"512","Asia",1989,"low_carbon","Low GDPpc",57.213,4.04678114529049
"513","Asia",1990,"fossil","High GDPpc",593.5089375,6.38605227290854
"514","Asia",1990,"fossil","Low GDPpc",1054.79166666667,6.96109855405606
"515","Asia",1990,"low_carbon","High GDPpc",74.8244375,4.31514453616958
"516","Asia",1990,"low_carbon","Low GDPpc",61.3681666666667,4.11689124250956
"517","Asia",1991,"fossil","High GDPpc",641.324933333333,6.46353624475867
"518","Asia",1991,"fossil","Low GDPpc",1038.96392307692,6.94597926776002
"519","Asia",1991,"low_carbon","High GDPpc",83.5370666666667,4.4252904455326
"520","Asia",1991,"low_carbon","Low GDPpc",57.8983076923077,4.05868815603967
"521","Asia",1992,"fossil","High GDPpc",669.524466666667,6.50656770914857
"522","Asia",1992,"fossil","Low GDPpc",1103.72953846154,7.00645021354614
"523","Asia",1992,"low_carbon","High GDPpc",83.2806666666667,4.42221642939795
"524","Asia",1992,"low_carbon","Low GDPpc",60.8518461538462,4.10844215839559
"525","Asia",1993,"fossil","High GDPpc",695.698066666667,6.54491575395012
"526","Asia",1993,"fossil","Low GDPpc",1097.98985714286,7.001236384452
"527","Asia",1993,"low_carbon","High GDPpc",92.6560666666667,4.52889442999046
"528","Asia",1993,"low_carbon","Low GDPpc",62.8183571428571,4.14024734195155
"529","Asia",1994,"fossil","High GDPpc",743.234357142857,6.61101141509481
"530","Asia",1994,"fossil","Low GDPpc",1128.99813333333,7.02908591076772
"531","Asia",1994,"low_carbon","High GDPpc",94.2455,4.54590307983018
"532","Asia",1994,"low_carbon","Low GDPpc",67.2172666666667,4.20793015896898
"533","Asia",1995,"fossil","High GDPpc",762.0128,6.63596335344583
"534","Asia",1995,"fossil","Low GDPpc",1207.889,7.09662948685563
"535","Asia",1995,"low_carbon","High GDPpc",99.9634,4.60480411899374
"536","Asia",1995,"low_carbon","Low GDPpc",76.3605,4.33546554676696
"537","Asia",1996,"fossil","High GDPpc",794.192866666667,6.67732633687221
"538","Asia",1996,"fossil","Low GDPpc",1269.72492857143,7.14655556431723
"539","Asia",1996,"low_carbon","High GDPpc",104.160933333333,4.64593713899359
"540","Asia",1996,"low_carbon","Low GDPpc",75.3348571428571,4.32194293795965
"541","Asia",1997,"fossil","High GDPpc",826.203666666667,6.716841312942
"542","Asia",1997,"fossil","Low GDPpc",1294.82,7.16612696833378
"543","Asia",1997,"low_carbon","High GDPpc",110.7668,4.70742709042328
"544","Asia",1997,"low_carbon","Low GDPpc",75.2086428571429,4.3202661559626
"545","Asia",1998,"fossil","High GDPpc",820.941428571429,6.71045176533798
"546","Asia",1998,"fossil","Low GDPpc",1258.15653333333,7.13740285983224
"547","Asia",1998,"low_carbon","High GDPpc",122.289642857143,4.80639235273862
"548","Asia",1998,"low_carbon","Low GDPpc",76.7139333333333,4.34008335202277
"549","Asia",1999,"fossil","High GDPpc",856.679571428571,6.7530639530321
"550","Asia",1999,"fossil","Low GDPpc",1304.908,7.1738878191874
"551","Asia",1999,"low_carbon","High GDPpc",121.438785714286,4.79941031453842
"552","Asia",1999,"low_carbon","Low GDPpc",76.2428,4.33392298479958
"553","Asia",2000,"fossil","High GDPpc",924.463066666667,6.82921310050691
"554","Asia",2000,"fossil","Low GDPpc",1350.70528571429,7.20838216887385
"555","Asia",2000,"low_carbon","High GDPpc",114.844933333333,4.743582812649
"556","Asia",2000,"low_carbon","Low GDPpc",86.3587857142857,4.45851054480535
"557","Asia",2001,"fossil","High GDPpc",943.318,6.84940344742011
"558","Asia",2001,"fossil","Low GDPpc",1407.23857142857,7.24938460310211
"559","Asia",2001,"low_carbon","High GDPpc",112.416066666667,4.72220686911863
"560","Asia",2001,"low_carbon","Low GDPpc",98.1940714285714,4.58694584112013
"561","Asia",2002,"fossil","High GDPpc",966.449625,6.87362917623468
"562","Asia",2002,"fossil","Low GDPpc",1558.60053846154,7.3515436068871
"563","Asia",2002,"low_carbon","High GDPpc",108.986625,4.69122516827808
"564","Asia",2002,"low_carbon","Low GDPpc",107.352615384615,4.67611888718233
"565","Asia",2003,"fossil","High GDPpc",975.230647058824,6.88267400410766
"566","Asia",2003,"fossil","Low GDPpc",1863.74758333333,7.53034456940921
"567","Asia",2003,"low_carbon","High GDPpc",94.393,4.54746691785965
"568","Asia",2003,"low_carbon","Low GDPpc",118.552333333333,4.77535449458962
"569","Asia",2004,"fossil","High GDPpc",1015.15305882353,6.92279467697765
"570","Asia",2004,"fossil","Low GDPpc",2100.55483333333,7.64995679516437
"571","Asia",2004,"low_carbon","High GDPpc",104.942764705882,4.65341510349836
"572","Asia",2004,"low_carbon","Low GDPpc",144.826416666667,4.97553589885555
"573","Asia",2005,"fossil","High GDPpc",1008.02555555556,6.91574880104362
"574","Asia",2005,"fossil","Low GDPpc",2524.54263636364,7.83381519118928
"575","Asia",2005,"low_carbon","High GDPpc",100.057777777778,4.60574779691655
"576","Asia",2005,"low_carbon","Low GDPpc",168.823181818182,5.12885190577864
"577","Asia",2006,"fossil","High GDPpc",1036.73666666667,6.94383323834128
"578","Asia",2006,"fossil","Low GDPpc",2714.26645454545,7.90627701337431
"579","Asia",2006,"low_carbon","High GDPpc",104.905666666667,4.65306153364454
"580","Asia",2006,"low_carbon","Low GDPpc",184.424545454545,5.21724041210443
"581","Asia",2007,"fossil","High GDPpc",1034.33989473684,6.94151871936651
"582","Asia",2007,"fossil","Low GDPpc",3217.0281,8.07621326204701
"583","Asia",2007,"low_carbon","High GDPpc",92.1747894736842,4.52368666013262
"584","Asia",2007,"low_carbon","Low GDPpc",222.4165,5.40455175027192
"585","Asia",2008,"fossil","High GDPpc",2120.25971428571,7.65929386690127
"586","Asia",2008,"fossil","Low GDPpc",1089.164125,6.99316582323917
"587","Asia",2008,"low_carbon","High GDPpc",172.518571428571,5.15050489113193
"588","Asia",2008,"low_carbon","Low GDPpc",85.68575,4.45068653406511
"589","Asia",2009,"fossil","High GDPpc",2067.17259090909,7.63393705445873
"590","Asia",2009,"fossil","Low GDPpc",1310.75728571429,7.17836032986884
"591","Asia",2009,"low_carbon","High GDPpc",166.639181818182,5.11583088706417
"592","Asia",2009,"low_carbon","Low GDPpc",97.8637142857143,4.5835758402369
"593","Asia",2010,"fossil","High GDPpc",2192.43486363636,7.69276801508729
"594","Asia",2010,"fossil","Low GDPpc",1378.28685714286,7.22859659909871
"595","Asia",2010,"low_carbon","High GDPpc",188.652863636364,5.23990862592068
"596","Asia",2010,"low_carbon","Low GDPpc",104.729285714286,4.6513787895029
"597","Asia",2011,"fossil","High GDPpc",2311.28873913043,7.74556054367734
"598","Asia",2011,"fossil","Low GDPpc",1386.40366666667,7.23446838313727
"599","Asia",2011,"low_carbon","High GDPpc",170.741260869565,5.14014931628937
"600","Asia",2011,"low_carbon","Low GDPpc",133.203833333333,4.89188053647097
"601","Asia",2012,"fossil","High GDPpc",2312.33483333333,7.74601304341238
"602","Asia",2012,"fossil","Low GDPpc",1637.6324,7.40100681920265
"603","Asia",2012,"low_carbon","High GDPpc",172.203833333333,5.14867885268275
"604","Asia",2012,"low_carbon","Low GDPpc",147.955,4.99690817347626
"605","Asia",2013,"fossil","High GDPpc",2367.16183333333,7.76944697782884
"606","Asia",2013,"fossil","Low GDPpc",1694.1224,7.43492012761944
"607","Asia",2013,"low_carbon","High GDPpc",184.73425,5.218918305856
"608","Asia",2013,"low_carbon","Low GDPpc",183.051,5.20976480253958
"609","Asia",2014,"fossil","High GDPpc",2386.01545833333,7.77738008140189
"610","Asia",2014,"fossil","Low GDPpc",1807.3172,7.49959881475531
"611","Asia",2014,"low_carbon","High GDPpc",207.359416666667,5.33445360001695
"612","Asia",2014,"low_carbon","Low GDPpc",181.959,5.20378138697336
"613","Asia",2015,"fossil","High GDPpc",2405.315375,7.78543630699881
"614","Asia",2015,"fossil","Low GDPpc",1902.5464,7.55094847840033
"615","Asia",2015,"low_carbon","High GDPpc",226.792083333333,5.42403366530669
"616","Asia",2015,"low_carbon","Low GDPpc",179.9054,5.19243115718193
"617","Asia",2016,"fossil","High GDPpc",2347.4754,7.76109573179428
"618","Asia",2016,"fossil","Low GDPpc",2394.04875,7.78074124931911
"619","Asia",2016,"low_carbon","High GDPpc",239.72484,5.47949176560809
"620","Asia",2016,"low_carbon","Low GDPpc",224.55025,5.41409951287091
"621","Europe",1965,"fossil","High GDPpc",607.889533333333,6.4099931768623
"622","Europe",1965,"fossil","Low GDPpc",218.129571428571,5.3850892505758
"623","Europe",1965,"low_carbon","High GDPpc",55.3356666666667,4.01341766747406
"624","Europe",1965,"low_carbon","Low GDPpc",3.93942857142857,1.37103568015925
"625","Europe",1966,"fossil","High GDPpc",621.3834,6.43194828273022
"626","Europe",1966,"fossil","Low GDPpc",226.507857142857,5.42277963369386
"627","Europe",1966,"low_carbon","High GDPpc",60.2368,4.09828346123074
"628","Europe",1966,"low_carbon","Low GDPpc",4.815,1.57173604525009
"629","Europe",1967,"fossil","High GDPpc",577.712117647059,6.35907567824156
"630","Europe",1967,"fossil","Low GDPpc",289.8704,5.66943392654077
"631","Europe",1967,"low_carbon","High GDPpc",54.1618235294118,3.99197629733951
"632","Europe",1967,"low_carbon","Low GDPpc",5.4956,1.70394777206766
"633","Europe",1968,"fossil","High GDPpc",588.068555555556,6.37684353218329
"634","Europe",1968,"fossil","Low GDPpc",362.56975,5.89321686957867
"635","Europe",1968,"low_carbon","High GDPpc",53.7158888888889,3.98370884022489
"636","Europe",1968,"low_carbon","Low GDPpc",5.638,1.72952939269192
"637","Europe",1969,"fossil","High GDPpc",634.614777777778,6.45301816563778
"638","Europe",1969,"fossil","Low GDPpc",393.98575,5.97631474113118
"639","Europe",1969,"low_carbon","High GDPpc",53.432,3.97840981742333
"640","Europe",1969,"low_carbon","Low GDPpc",6.80325,1.91740043918103
"641","Europe",1970,"fossil","High GDPpc",637.7067,6.4578784597738
"642","Europe",1970,"fossil","Low GDPpc",540.062666666667,6.29168518220783
"643","Europe",1970,"low_carbon","High GDPpc",51.73755,3.94618382349139
"644","Europe",1970,"low_carbon","Low GDPpc",4.34333333333333,1.46864210246864
"645","Europe",1971,"fossil","High GDPpc",630.898238095238,6.44714457868819
"646","Europe",1971,"fossil","Low GDPpc",729.728,6.59267186196906
"647","Europe",1971,"low_carbon","High GDPpc",50.3605714285714,3.91920855598571
"648","Europe",1971,"low_carbon","Low GDPpc",8.5625,2.14739220358834
"649","Europe",1972,"fossil","High GDPpc",680.7878,6.52325065700459
"650","Europe",1972,"fossil","Low GDPpc",586.467,6.37411640052589
"651","Europe",1972,"low_carbon","High GDPpc",56.29645,4.03063147809542
"652","Europe",1972,"low_carbon","Low GDPpc",8.464,2.13582187511594
"653","Europe",1973,"fossil","High GDPpc",699.199857142857,6.54993662002617
"654","Europe",1973,"fossil","Low GDPpc",796.778,6.68057609544745
"655","Europe",1973,"low_carbon","High GDPpc",55.5648095238095,4.01755007864306
"656","Europe",1973,"low_carbon","Low GDPpc",12.814,2.55053832321683
"657","Europe",1974,"fossil","High GDPpc",678.44580952381,6.51980460802901
"658","Europe",1974,"fossil","Low GDPpc",814.332,6.70236814525714
"659","Europe",1974,"low_carbon","High GDPpc",60.2469047619048,4.09845119780472
"660","Europe",1974,"low_carbon","Low GDPpc",15.0455,2.71107894316222
"661","Europe",1975,"fossil","High GDPpc",682.230454545455,6.52536751065547
"662","Europe",1975,"fossil","Low GDPpc",549.831,6.30961095828131
"663","Europe",1975,"low_carbon","High GDPpc",62.3641363636364,4.13299037238809
"664","Europe",1975,"low_carbon","Low GDPpc",26.003,3.25821191598057
"665","Europe",1976,"fossil","High GDPpc",725.215045454545,6.58646822529338
"666","Europe",1976,"fossil","Low GDPpc",598.371,6.39421096291907
"667","Europe",1976,"low_carbon","High GDPpc",60.5665454545455,4.10374268543117
"668","Europe",1976,"low_carbon","Low GDPpc",22.519,3.1143593973122
"669","Europe",1977,"fossil","High GDPpc",693.122714285714,6.541207060405
"670","Europe",1977,"fossil","Low GDPpc",983.046,6.8906559145762
"671","Europe",1977,"low_carbon","High GDPpc",76.321,4.33494812977956
"672","Europe",1977,"low_carbon","Low GDPpc",16.065,2.77664299256782
"673","Europe",1978,"fossil","High GDPpc",717.058476190476,6.57515739402506
"674","Europe",1978,"fossil","Low GDPpc",1040.0635,6.94703704796378
"675","Europe",1978,"low_carbon","High GDPpc",78.584619047619,4.36417599386902
"676","Europe",1978,"low_carbon","Low GDPpc",17.815,2.8800407990578
"677","Europe",1979,"fossil","High GDPpc",744.000571428571,6.61204180288195
"678","Europe",1979,"fossil","Low GDPpc",1056.716,6.96292126481054
"679","Europe",1979,"low_carbon","High GDPpc",83.8700952380952,4.42926911653991
"680","Europe",1979,"low_carbon","Low GDPpc",18.5915,2.92270448702043
"681","Europe",1980,"fossil","High GDPpc",714.288952380952,6.57128757568398
"682","Europe",1980,"fossil","Low GDPpc",1091.187,6.9950213735285
"683","Europe",1980,"low_carbon","High GDPpc",85.5660952380952,4.44928912101873
"684","Europe",1980,"low_carbon","Low GDPpc",21.1585,3.05204171600858
"685","Europe",1981,"fossil","High GDPpc",684.710571428571,6.5289962255121
"686","Europe",1981,"fossil","Low GDPpc",1018.6105,6.92619472266362
"687","Europe",1981,"low_carbon","High GDPpc",97.5057619047619,4.57991147271677
"688","Europe",1981,"low_carbon","Low GDPpc",21.032,3.04604508742758
"689","Europe",1982,"fossil","High GDPpc",660.611619047619,6.49316610142995
"690","Europe",1982,"fossil","Low GDPpc",1029.93,6.93724611774917
"691","Europe",1982,"low_carbon","High GDPpc",101.031857142857,4.61543588436371
"692","Europe",1982,"low_carbon","Low GDPpc",18.9805,2.94341213635429
"693","Europe",1983,"fossil","High GDPpc",655.623190476191,6.48558621914857
"694","Europe",1983,"fossil","Low GDPpc",1032.8945,6.94012033418478
"695","Europe",1983,"low_carbon","High GDPpc",111.839857142857,4.71706800114972
"696","Europe",1983,"low_carbon","Low GDPpc",16.7705,2.81962139053675
"697","Europe",1984,"fossil","High GDPpc",659.843142857143,6.49200214443664
"698","Europe",1984,"fossil","Low GDPpc",1056.0805,6.96231969242137
"699","Europe",1984,"low_carbon","High GDPpc",126.406,4.8394989489406
"700","Europe",1984,"low_carbon","Low GDPpc",18.165,2.89949666567317
"701","Europe",1985,"fossil","High GDPpc",961.924517241379,6.86893598318116
"702","Europe",1985,"fossil","Low GDPpc",677.312,6.51813202347126
"703","Europe",1985,"low_carbon","High GDPpc",134.748172413793,4.90340764690524
"704","Europe",1985,"low_carbon","Low GDPpc",35.314,3.56427948588061
"705","Europe",1986,"fossil","High GDPpc",977.050344827586,6.88453818073316
"706","Europe",1986,"fossil","Low GDPpc",698.118,6.54838814291554
"707","Europe",1986,"low_carbon","High GDPpc",138.253551724138,4.92908933066296
"708","Europe",1986,"low_carbon","Low GDPpc",30.028,3.40213027971076
"709","Europe",1987,"fossil","High GDPpc",993.806965517241,6.90154298811653
"710","Europe",1987,"fossil","Low GDPpc",723.973,6.58475409887264
"711","Europe",1987,"low_carbon","High GDPpc",146.139551724138,4.98456199891713
"712","Europe",1987,"low_carbon","Low GDPpc",31.136,3.43836470600359
"713","Europe",1988,"fossil","High GDPpc",995.463896551724,6.90320885619841
"714","Europe",1988,"fossil","Low GDPpc",727.443,6.58953564546062
"715","Europe",1988,"low_carbon","High GDPpc",156.786172413793,5.05488291789116
"716","Europe",1988,"low_carbon","Low GDPpc",41.044,3.71464466199996
"717","Europe",1989,"fossil","High GDPpc",995.778275862069,6.90352461820597
"718","Europe",1989,"fossil","Low GDPpc",732.032,6.5958242288528
"719","Europe",1989,"low_carbon","High GDPpc",155.054379310345,5.04377588965159
"720","Europe",1989,"low_carbon","Low GDPpc",37.994,3.63742825252286
"721","Europe",1990,"fossil","High GDPpc",908.04275,6.81129145899079
"722","Europe",1990,"fossil","Low GDPpc",701.468,6.55317528196606
"723","Europe",1990,"low_carbon","High GDPpc",142.7058125,4.96078525595879
"724","Europe",1990,"low_carbon","Low GDPpc",31.703,3.45641131362939
"725","Europe",1991,"fossil","High GDPpc",922.76664516129,6.82737638039417
"726","Europe",1991,"fossil","Low GDPpc",304.124,5.71743551297662
"727","Europe",1991,"low_carbon","High GDPpc",149.899548387097,5.00996539234282
"728","Europe",1991,"low_carbon","Low GDPpc",21.439,3.06521169332379
"729","Europe",1992,"fossil","High GDPpc",886.897838709677,6.78772979947525
"730","Europe",1992,"fossil","Low GDPpc",271.9,5.60543435163842
"731","Europe",1992,"low_carbon","High GDPpc",152.741225806452,5.02874515487292
"732","Europe",1992,"low_carbon","Low GDPpc",17.431,2.85825023023273
"733","Europe",1993,"fossil","High GDPpc",807.6411,6.69411777667421
"734","Europe",1993,"fossil","Low GDPpc",817.523666666667,6.70627985240333
"735","Europe",1993,"low_carbon","High GDPpc",154.984166666667,5.04332296116389
"736","Europe",1993,"low_carbon","Low GDPpc",92.197,4.52392759207222
"737","Europe",1994,"fossil","High GDPpc",803.680482758621,6.68920178068668
"738","Europe",1994,"fossil","Low GDPpc",541.00275,6.29342436201286
"739","Europe",1994,"low_carbon","High GDPpc",158.203724137931,5.06388359575136
"740","Europe",1994,"low_carbon","Low GDPpc",71.43425,4.26877744620692
"741","Europe",1995,"fossil","High GDPpc",791.557034482759,6.67400193545239
"742","Europe",1995,"fossil","Low GDPpc",581.1845,6.36506826237973
"743","Europe",1995,"low_carbon","High GDPpc",161.826965517241,5.08652765030091
"744","Europe",1995,"low_carbon","Low GDPpc",68.04875,4.22022436008233
"745","Europe",1996,"fossil","High GDPpc",783.995433333333,6.66440319550351
"746","Europe",1996,"fossil","Low GDPpc",661.875333333333,6.49507721997531
"747","Europe",1996,"low_carbon","High GDPpc",157.181366666667,5.05740034031476
"748","Europe",1996,"low_carbon","Low GDPpc",98.3333333333333,4.58836306767171
"749","Europe",1997,"fossil","High GDPpc",784.991724137931,6.66567317522739
"750","Europe",1997,"fossil","Low GDPpc",509.26625,6.2329709642689
"751","Europe",1997,"low_carbon","High GDPpc",164.182172413793,5.10097661873533
"752","Europe",1997,"low_carbon","Low GDPpc",92.7875,4.53031193244367
"753","Europe",1998,"fossil","High GDPpc",772.7294,6.64992892261742
"754","Europe",1998,"fossil","Low GDPpc",584.891,6.37142550508491
"755","Europe",1998,"low_carbon","High GDPpc",162.121933333333,5.08834872701181
"756","Europe",1998,"low_carbon","Low GDPpc",107.649,4.67887593440355
"757","Europe",1999,"fossil","High GDPpc",746.965096774194,6.61601845950865
"758","Europe",1999,"fossil","Low GDPpc",844.306,6.73851498812894
"759","Europe",1999,"low_carbon","High GDPpc",161.19664516129,5.08262501820144
"760","Europe",1999,"low_carbon","Low GDPpc",152.611,5.02789220013186
"761","Europe",2000,"fossil","High GDPpc",739.77975,6.60635250676095
"762","Europe",2000,"fossil","Low GDPpc",1335.294,7.19690677130755
"763","Europe",2000,"low_carbon","High GDPpc",163.288625,5.09551934047738
"764","Europe",2000,"low_carbon","Low GDPpc",246.17,5.50602235417306
"765","Europe",2001,"fossil","High GDPpc",750.48840625,6.62072420291955
"766","Europe",2001,"fossil","Low GDPpc",1317.091,7.18318079578752
"767","Europe",2001,"low_carbon","High GDPpc",167.33775,5.1200142250976
"768","Europe",2001,"low_carbon","Low GDPpc",243.456,5.49493622804282
"769","Europe",2002,"fossil","High GDPpc",748.1748125,6.61763665722016
"770","Europe",2002,"fossil","Low GDPpc",1306.617,7.17519663318991
"771","Europe",2002,"low_carbon","High GDPpc",163.32965625,5.09577058942804
"772","Europe",2002,"low_carbon","Low GDPpc",240.301,5.4818923041986
"773","Europe",2003,"fossil","High GDPpc",765.01628125,6.6398971162798
"774","Europe",2003,"fossil","Low GDPpc",1337.568,7.19860831859929
"775","Europe",2003,"low_carbon","High GDPpc",161.4105625,5.08395119669331
"776","Europe",2003,"low_carbon","Low GDPpc",247.031,5.50951383482562
"777","Europe",2004,"fossil","High GDPpc",770.6615625,6.64724931804859
"778","Europe",2004,"fossil","Low GDPpc",1318.532,7.18427427550262
"779","Europe",2004,"low_carbon","High GDPpc",166.94853125,5.11768556880679
"780","Europe",2004,"low_carbon","Low GDPpc",267.474,5.58902236535052
"781","Europe",2005,"fossil","High GDPpc",772.4090625,6.64951428339594
"782","Europe",2005,"fossil","Low GDPpc",1320.779,7.18597699302464
"783","Europe",2005,"low_carbon","High GDPpc",167.78603125,5.12268954414361
"784","Europe",2005,"low_carbon","Low GDPpc",272.1,5.6061696457892
"785","Europe",2006,"fossil","High GDPpc",801.506606060606,6.68649321413742
"786","Europe",2006,"fossil","Low GDPpc",NA,NA
"787","Europe",2006,"low_carbon","High GDPpc",171.799606060606,5.14632871653592
"788","Europe",2006,"low_carbon","Low GDPpc",NA,NA
"789","Europe",2007,"fossil","High GDPpc",793.842939393939,6.67688563235276
"790","Europe",2007,"fossil","Low GDPpc",NA,NA
"791","Europe",2007,"low_carbon","High GDPpc",171.607242424242,5.14520839143272
"792","Europe",2007,"low_carbon","Low GDPpc",NA,NA
"793","Europe",2008,"fossil","High GDPpc",786.994727272727,6.66822154861443
"794","Europe",2008,"fossil","Low GDPpc",NA,NA
"795","Europe",2008,"low_carbon","High GDPpc",175.221303030303,5.16604976374922
"796","Europe",2008,"low_carbon","Low GDPpc",NA,NA
"797","Europe",2009,"fossil","High GDPpc",730.851606060606,6.59421043785715
"798","Europe",2009,"fossil","Low GDPpc",NA,NA
"799","Europe",2009,"low_carbon","High GDPpc",173.060909090909,5.15364360820368
"800","Europe",2009,"low_carbon","Low GDPpc",NA,NA
"801","Europe",2010,"fossil","High GDPpc",756.171363636364,6.62826802197011
"802","Europe",2010,"fossil","Low GDPpc",NA,NA
"803","Europe",2010,"low_carbon","High GDPpc",180.873636363636,5.1977986458141
"804","Europe",2010,"low_carbon","Low GDPpc",NA,NA
"805","Europe",2011,"fossil","High GDPpc",746.186878787879,6.61497607659048
"806","Europe",2011,"fossil","Low GDPpc",NA,NA
"807","Europe",2011,"low_carbon","High GDPpc",179.046454545455,5.18764529477089
"808","Europe",2011,"low_carbon","Low GDPpc",NA,NA
"809","Europe",2012,"fossil","High GDPpc",736.245212121212,6.60156323188348
"810","Europe",2012,"fossil","Low GDPpc",NA,NA
"811","Europe",2012,"low_carbon","High GDPpc",185.857333333333,5.22497935430934
"812","Europe",2012,"low_carbon","Low GDPpc",NA,NA
"813","Europe",2013,"fossil","High GDPpc",719.370484848485,6.57837650296433
"814","Europe",2013,"fossil","Low GDPpc",NA,NA
"815","Europe",2013,"low_carbon","High GDPpc",190.550212121212,5.24991574052425
"816","Europe",2013,"low_carbon","Low GDPpc",NA,NA
"817","Europe",2014,"fossil","High GDPpc",689.206151515152,6.5355404302018
"818","Europe",2014,"fossil","Low GDPpc",NA,NA
"819","Europe",2014,"low_carbon","High GDPpc",193.623,5.26591296943901
"820","Europe",2014,"low_carbon","Low GDPpc",NA,NA
"821","Europe",2015,"fossil","High GDPpc",683.456333333333,6.52716276726629
"822","Europe",2015,"fossil","Low GDPpc",NA,NA
"823","Europe",2015,"low_carbon","High GDPpc",194.335515151515,5.26958612481412
"824","Europe",2015,"low_carbon","Low GDPpc",NA,NA
"825","Europe",2016,"fossil","High GDPpc",695.024818181818,6.54394755454135
"826","Europe",2016,"fossil","Low GDPpc",NA,NA
"827","Europe",2016,"low_carbon","High GDPpc",193.962333333333,5.26766398213661
"828","Europe",2016,"low_carbon","Low GDPpc",NA,NA
"829","Oceania",1965,"fossil","High GDPpc",217.4715,5.38206780746021
"830","Oceania",1965,"low_carbon","High GDPpc",26.8785,3.29132671052644
"831","Oceania",1966,"fossil","High GDPpc",239.109,5.4769195149102
"832","Oceania",1966,"low_carbon","High GDPpc",27.491,3.31385867837985
"833","Oceania",1967,"fossil","High GDPpc",252.31,5.53065849021629
"834","Oceania",1967,"low_carbon","High GDPpc",28.126,3.33669441544806
"835","Oceania",1968,"fossil","High GDPpc",266.1355,5.58400557757857
"836","Oceania",1968,"low_carbon","High GDPpc",29.5845,3.38725057552953
"837","Oceania",1969,"fossil","High GDPpc",276.378,5.62176949393552
"838","Oceania",1969,"low_carbon","High GDPpc",30.456,3.4162830190802
"839","Oceania",1970,"fossil","High GDPpc",301.962,5.71030118164332
"840","Oceania",1970,"low_carbon","High GDPpc",33.8545,3.52207192996132
"841","Oceania",1971,"fossil","High GDPpc",314.308,5.75037339686807
"842","Oceania",1971,"low_carbon","High GDPpc",38.084,3.63979424642344
"843","Oceania",1972,"fossil","High GDPpc",330.287,5.79996197346294
"844","Oceania",1972,"low_carbon","High GDPpc",39.3815,3.67329616288678
"845","Oceania",1973,"fossil","High GDPpc",353.3785,5.8675397204571
"846","Oceania",1973,"low_carbon","High GDPpc",40.227,3.69453841196561
"847","Oceania",1974,"fossil","High GDPpc",371.7755,5.91829017747331
"848","Oceania",1974,"low_carbon","High GDPpc",43.405,3.77057464184377
"849","Oceania",1975,"fossil","High GDPpc",374.95,5.9267926837474
"850","Oceania",1975,"low_carbon","High GDPpc",46.982,3.84976454963157
"851","Oceania",1976,"fossil","High GDPpc",392.4025,5.97228809872086
"852","Oceania",1976,"low_carbon","High GDPpc",44.2675,3.79025077349823
"853","Oceania",1977,"fossil","High GDPpc",414.304,6.02660000387624
"854","Oceania",1977,"low_carbon","High GDPpc",42.1555,3.7413651622935
"855","Oceania",1978,"fossil","High GDPpc",420.323,6.04102346333087
"856","Oceania",1978,"low_carbon","High GDPpc",45.0305,3.80734003796047
"857","Oceania",1979,"fossil","High GDPpc",433.7455,6.07245795656748
"858","Oceania",1979,"low_carbon","High GDPpc",48.147,3.87425883100713
"859","Oceania",1980,"fossil","High GDPpc",436.4535,6.0786818403954
"860","Oceania",1980,"low_carbon","High GDPpc",48.4285,3.8800884833978
"861","Oceania",1981,"fossil","High GDPpc",439.0115,6.08452560863184
"862","Oceania",1981,"low_carbon","High GDPpc",49.402,3.89999090920431
"863","Oceania",1982,"fossil","High GDPpc",444.2495,6.09638634154172
"864","Oceania",1982,"low_carbon","High GDPpc",46.166,3.83224359642181
"865","Oceania",1983,"fossil","High GDPpc",446.7635,6.10202937182584
"866","Oceania",1983,"low_carbon","High GDPpc",47.185,3.8540760454733
"867","Oceania",1984,"fossil","High GDPpc",466.6345,6.14554629598813
"868","Oceania",1984,"low_carbon","High GDPpc",49.6705,3.90541119550709
"869","Oceania",1985,"fossil","High GDPpc",470.869,6.15457992369582
"870","Oceania",1985,"low_carbon","High GDPpc",49.7155,3.90631675570822
"871","Oceania",1986,"fossil","High GDPpc",488.6385,6.19162295228096
"872","Oceania",1986,"low_carbon","High GDPpc",53.26,3.97518558038579
"873","Oceania",1987,"fossil","High GDPpc",503.352,6.2212897265459
"874","Oceania",1987,"low_carbon","High GDPpc",52.46,3.96005097443873
"875","Oceania",1988,"fossil","High GDPpc",525.859,6.26503311596648
"876","Oceania",1988,"low_carbon","High GDPpc",55.272,4.01226645118649
"877","Oceania",1989,"fossil","High GDPpc",541.128,6.29365584975232
"878","Oceania",1989,"low_carbon","High GDPpc",55.394,4.01447128463892
"879","Oceania",1990,"fossil","High GDPpc",562.274,6.33198927556648
"880","Oceania",1990,"low_carbon","High GDPpc",57.379,4.04967838272621
"881","Oceania",1991,"fossil","High GDPpc",559.775,6.3275349172774
"882","Oceania",1991,"low_carbon","High GDPpc",58.414,4.06755558713189
"883","Oceania",1992,"fossil","High GDPpc",567.4595,6.34116938117014
"884","Oceania",1992,"low_carbon","High GDPpc",56.2195,4.02926367180668
"885","Oceania",1993,"fossil","High GDPpc",581.3125,6.36528847800269
"886","Oceania",1993,"low_carbon","High GDPpc",60.3485,4.10013609222222
"887","Oceania",1994,"fossil","High GDPpc",605.4215,6.40592490966697
"888","Oceania",1994,"low_carbon","High GDPpc",63.1165,4.14498222506359
"889","Oceania",1995,"fossil","High GDPpc",622.623,6.4339411991819
"890","Oceania",1995,"low_carbon","High GDPpc",64.864,4.17229277026959
"891","Oceania",1996,"fossil","High GDPpc",640.219,6.46181030532093
"892","Oceania",1996,"low_carbon","High GDPpc",63.562,4.15201580750449
"893","Oceania",1997,"fossil","High GDPpc",659.331,6.49122568458008
"894","Oceania",1997,"low_carbon","High GDPpc",59.69,4.08916450218056
"895","Oceania",1998,"fossil","High GDPpc",670.3745,6.50783651145161
"896","Oceania",1998,"low_carbon","High GDPpc",62.9995,4.1431267898521
"897","Oceania",1999,"fossil","High GDPpc",701.049,6.55257778473434
"898","Oceania",1999,"low_carbon","High GDPpc",60.7865,4.10736772484402
"899","Oceania",2000,"fossil","High GDPpc",706.024,6.55964923124973
"900","Oceania",2000,"low_carbon","High GDPpc",63.2935,4.14778263825359
"901","Oceania",2001,"fossil","High GDPpc",716.033,6.57372625528404
"902","Oceania",2001,"low_carbon","High GDPpc",58.489,4.06883870236913
"903","Oceania",2002,"fossil","High GDPpc",724.923,6.58606544231777
"904","Oceania",2002,"low_carbon","High GDPpc",63.2815,4.14759302735039
"905","Oceania",2003,"fossil","High GDPpc",732.9095,6.59702222905273
"906","Oceania",2003,"low_carbon","High GDPpc",62.045,4.12785992822658
"907","Oceania",2004,"fossil","High GDPpc",753.282,6.62443965968356
"908","Oceania",2004,"low_carbon","High GDPpc",67.926,4.21841887732403
"909","Oceania",2005,"fossil","High GDPpc",749.789,6.61979183361538
"910","Oceania",2005,"low_carbon","High GDPpc",64.988,4.1742026374675
"911","Oceania",2006,"fossil","High GDPpc",791.953,6.67450204661919
"912","Oceania",2006,"low_carbon","High GDPpc",66.2565,4.19353357326109
"913","Oceania",2007,"fossil","High GDPpc",800.6835,6.68546573789736
"914","Oceania",2007,"low_carbon","High GDPpc",66.8105,4.20186025381898
"915","Oceania",2008,"fossil","High GDPpc",813.546,6.70140247085024
"916","Oceania",2008,"low_carbon","High GDPpc",66.6875,4.20001752906197
"917","Oceania",2009,"fossil","High GDPpc",799.837,6.68440795690808
"918","Oceania",2009,"low_carbon","High GDPpc",73.605,4.29871295820998
"919","Oceania",2010,"fossil","High GDPpc",797.643,6.68166112892965
"920","Oceania",2010,"low_carbon","High GDPpc",81.199,4.39690293182086
"921","Oceania",2011,"fossil","High GDPpc",813.299,6.70109881561338
"922","Oceania",2011,"low_carbon","High GDPpc",93.515,4.53812185123496
"923","Oceania",2012,"fossil","High GDPpc",808.9845,6.69577975741883
"924","Oceania",2012,"low_carbon","High GDPpc",88.859,4.487050843787
"925","Oceania",2013,"fossil","High GDPpc",809.0625,6.69587616994586
"926","Oceania",2013,"low_carbon","High GDPpc",95.0365,4.55426102833689
"927","Oceania",2014,"fossil","High GDPpc",827.3715,6.71825380818388
"928","Oceania",2014,"low_carbon","High GDPpc",93.636,4.53941492492262
"929","Oceania",2015,"fossil","High GDPpc",836.7385,6.72951159634596
"930","Oceania",2015,"low_carbon","High GDPpc",97.444,4.57927785402214
"931","Oceania",2016,"fossil","High GDPpc",836.193,6.72885944768436
"932","Oceania",2016,"low_carbon","High GDPpc",105.09,4.65481712587751
